Achievement,Pretrained,action_diversity,delta_action_diversity,advantage_clip,delta_advantage_clip,attention_only,delta_attention_only,baseline_rl,delta_baseline_rl,bc_wins,delta_bc_wins,entropy_bonus,delta_entropy_bonus,ewc,delta_ewc,ffn_only,delta_ffn_only,frozen_backbone,delta_frozen_backbone,gradient_surgery,delta_gradient_surgery,head_only,delta_head_only,kl_penalty,delta_kl_penalty,layer_ablation_top1,delta_layer_ablation_top1,layer_ablation_top2,delta_layer_ablation_top2,layer_ablation_top3,delta_layer_ablation_top3,llrd,delta_llrd,lora,delta_lora,low_t,delta_low_t,mixed_replay,delta_mixed_replay,normalized_adv,delta_normalized_adv,reward_filtering,delta_reward_filtering,reward_model,delta_reward_model,running_stats,delta_running_stats,t_curriculum,delta_t_curriculum,trust_region_kl,delta_trust_region_kl
Achievements/collect_coal,0.6739,0.7328,0.0589,0.6769,0.003,0.0,-0.6739,0.7031,0.0292,0.7132,0.0393,0.6818,0.0079,0.7246,0.0507,0.0,-0.6739,0.0,-0.6739,0.6716,-0.0023,0.0,-0.6739,0.7176,0.0436,0.0,-0.6739,0.0,-0.6739,0.0,-0.6739,0.76,0.0861,0.0,-0.6739,0.6241,-0.0498,0.6423,-0.0316,0.3468,-0.3271,0.6591,-0.0148,0.6538,-0.0201,0.6889,0.015,0.6812,0.0072,0.6953,0.0214
Achievements/collect_diamond,0.0,0.0076,0.0076,0.0,0.0,0.0,0.0,0.0078,0.0078,0.0078,0.0078,0.0076,0.0076,0.0072,0.0072,0.0,0.0,0.0,0.0,0.0,0.0,0.0,0.0,0.0,0.0,0.0,0.0,0.0,0.0,0.0,0.0,0.008,0.008,0.0,0.0,0.0071,0.0071,0.0073,0.0073,0.0,0.0,0.0,0.0,0.0,0.0,0.0074,0.0074,0.0,0.0,0.0078,0.0078
Achievements/collect_drink,0.587,0.5802,-0.0068,0.6077,0.0207,0.0,-0.587,0.6172,0.0302,0.4884,-0.0986,0.5076,-0.0794,0.4855,-0.1014,0.0,-0.587,0.0,-0.587,0.5224,-0.0646,0.0,-0.587,0.5267,-0.0602,0.0,-0.587,0.0,-0.587,0.0,-0.587,0.568,-0.019,0.0,-0.587,0.4681,-0.1189,0.5547,-0.0322,0.3295,-0.2575,0.6364,0.0494,0.5077,-0.0793,0.5481,-0.0388,0.5,-0.087,0.5781,-0.0088
Achievements/collect_iron,0.529,0.5649,0.0359,0.5231,-0.0059,0.0,-0.529,0.5703,0.0413,0.5736,0.0447,0.5076,-0.0214,0.5725,0.0435,0.0,-0.529,0.0,-0.529,0.5224,-0.0066,0.0,-0.529,0.5878,0.0588,0.0,-0.529,0.0,-0.529,0.0,-0.529,0.552,0.023,0.0,-0.529,0.5035,-0.0254,0.4453,-0.0837,0.0462,-0.4827,0.5379,0.0089,0.5308,0.0018,0.4889,-0.0401,0.5145,-0.0145,0.5469,0.0179
Achievements/collect_sapling,0.8406,0.8626,0.022,0.8615,0.021,0.0,-0.8406,0.8516,0.011,0.907,0.0664,0.8864,0.0458,0.8986,0.058,0.0,-0.8406,0.0,-0.8406,0.8881,0.0475,0.0,-0.8406,0.8779,0.0373,0.0,-0.8406,0.0,-0.8406,0.0,-0.8406,0.824,-0.0166,0.0,-0.8406,0.7234,-0.1172,0.9197,0.0791,0.8439,0.0034,0.8788,0.0382,0.8462,0.0056,0.8593,0.0187,0.7899,-0.0507,0.8594,0.0188
Achievements/collect_stone,0.8696,0.9313,0.0617,0.9385,0.0689,0.0,-0.8696,0.9609,0.0914,0.969,0.0994,0.9015,0.0319,0.9203,0.0507,0.0,-0.8696,0.0,-0.8696,0.9403,0.0707,0.0,-0.8696,0.916,0.0465,0.0,-0.8696,0.0,-0.8696,0.0,-0.8696,0.928,0.0584,0.0,-0.8696,0.8794,0.0099,0.9343,0.0647,0.815,-0.0545,0.8864,0.0168,0.9231,0.0535,0.9481,0.0786,0.8913,0.0217,0.9062,0.0367
Achievements/collect_wood,1.0,1.0,-0.0,1.0,-0.0,0.0,-1.0,1.0,-0.0,1.0,-0.0,0.9924,-0.0076,1.0,0.0,0.0,-1.0,0.0,-1.0,0.9925,-0.0075,0.0,-1.0,1.0,-0.0,0.0,-1.0,0.0,-1.0,0.0,-1.0,1.0,0.0,0.0,-1.0,0.9858,-0.0142,0.9927,-0.0073,0.9827,-0.0173,1.0,-0.0,0.9923,-0.0077,1.0,-0.0,1.0,0.0,1.0,-0.0
Achievements/defeat_skeleton,0.2536,0.2672,0.0136,0.3154,0.0618,0.0,-0.2536,0.3125,0.0589,0.2713,0.0177,0.2348,-0.0188,0.3116,0.058,0.0,-0.2536,0.0,-0.2536,0.2537,0.0001,0.0,-0.2536,0.2443,-0.0093,0.0,-0.2536,0.0,-0.2536,0.0,-0.2536,0.32,0.0664,0.0,-0.2536,0.234,-0.0196,0.2409,-0.0127,0.0578,-0.1958,0.2576,0.004,0.2769,0.0233,0.2222,-0.0314,0.2029,-0.0507,0.2734,0.0198
Achievements/defeat_zombie,0.6449,0.6641,0.0192,0.6769,0.032,0.0,-0.6449,0.6641,0.0191,0.6977,0.0527,0.6818,0.0369,0.6377,-0.0072,0.0,-0.6449,0.0,-0.6449,0.7015,0.0566,0.0,-0.6449,0.6183,-0.0266,0.0,-0.6449,0.0,-0.6449,0.0,-0.6449,0.664,0.0191,0.0,-0.6449,0.6738,0.0288,0.6423,-0.0026,0.4046,-0.2403,0.7273,0.0823,0.5923,-0.0526,0.6815,0.0366,0.6594,0.0145,0.6016,-0.0434
Achievements/eat_cow,0.4855,0.458,-0.0275,0.4615,-0.024,0.0,-0.4855,0.5625,0.077,0.4961,0.0106,0.4848,-0.0007,0.4855,0.0,0.0,-0.4855,0.0,-0.4855,0.4851,-0.0004,0.0,-0.4855,0.4733,-0.0122,0.0,-0.4855,0.0,-0.4855,0.0,-0.4855,0.464,-0.0215,0.0,-0.4855,0.4681,-0.0174,0.4964,0.0108,0.3295,-0.156,0.5606,0.0751,0.4308,-0.0547,0.4667,-0.0188,0.5,0.0145,0.4766,-0.0089
Achievements/eat_plant,0.0,0.0,0.0,0.0,0.0,0.0,0.0,0.0,0.0,0.0,0.0,0.0,0.0,0.0,0.0,0.0,0.0,0.0,0.0,0.0,0.0,0.0,0.0,0.0,0.0,0.0,0.0,0.0,0.0,0.0,0.0,0.0,0.0,0.0,0.0,0.0,0.0,0.0,0.0,0.0,0.0,0.0,0.0,0.0,0.0,0.0,0.0,0.0,0.0,0.0,0.0
Achievements/make_iron_pickaxe,0.1159,0.1145,-0.0014,0.1154,-0.0006,0.0,-0.1159,0.1172,0.0012,0.1395,0.0236,0.1136,-0.0023,0.1304,0.0145,0.0,-0.1159,0.0,-0.1159,0.0597,-0.0562,0.0,-0.1159,0.0992,-0.0167,0.0,-0.1159,0.0,-0.1159,0.0,-0.1159,0.112,-0.0039,0.0,-0.1159,0.0922,-0.0237,0.0876,-0.0284,0.0,-0.1159,0.1212,0.0053,0.1077,-0.0082,0.1333,0.0174,0.087,-0.029,0.1016,-0.0144
Achievements/make_iron_sword,0.3043,0.4046,0.1002,0.3538,0.0495,0.0,-0.3043,0.3828,0.0785,0.4031,0.0988,0.3258,0.0214,0.4275,0.1232,0.0,-0.3043,0.0,-0.3043,0.291,-0.0133,0.0,-0.3043,0.374,0.0697,0.0,-0.3043,0.0,-0.3043,0.0,-0.3043,0.392,0.0877,0.0,-0.3043,0.3475,0.0432,0.3066,0.0022,0.0,-0.3043,0.3636,0.0593,0.3615,0.0572,0.3259,0.0216,0.3696,0.0652,0.3828,0.0785
Achievements/make_stone_pickaxe,0.7754,0.8244,0.0491,0.8308,0.0554,0.0,-0.7754,0.8359,0.0606,0.8062,0.0308,0.7197,-0.0557,0.8116,0.0362,0.0,-0.7754,0.0,-0.7754,0.7537,-0.0216,0.0,-0.7754,0.8092,0.0338,0.0,-0.7754,0.0,-0.7754,0.0,-0.7754,0.8,0.0246,0.0,-0.7754,0.7943,0.019,0.7518,-0.0235,0.3468,-0.4285,0.7045,-0.0708,0.7538,-0.0215,0.7333,-0.042,0.7754,0.0,0.7812,0.0059
Achievements/make_stone_sword,0.7681,0.8779,0.1097,0.8231,0.055,0.0,-0.7681,0.8828,0.1147,0.8372,0.0691,0.7879,0.0198,0.8551,0.087,0.0,-0.7681,0.0,-0.7681,0.8209,0.0528,0.0,-0.7681,0.8092,0.041,0.0,-0.7681,0.0,-0.7681,0.0,-0.7681,0.824,0.0559,0.0,-0.7681,0.8369,0.0688,0.8248,0.0567,0.5723,-0.1959,0.7727,0.0046,0.8231,0.055,0.8,0.0319,0.8188,0.0507,0.8047,0.0366
Achievements/make_wood_pickaxe,0.9275,0.9466,0.019,0.9769,0.0494,0.0,-0.9275,0.9609,0.0334,0.9845,0.057,0.9091,-0.0184,0.9565,0.029,0.0,-0.9275,0.0,-0.9275,0.9627,0.0352,0.0,-0.9275,0.9695,0.0419,0.0,-0.9275,0.0,-0.9275,0.0,-0.9275,0.976,0.0485,0.0,-0.9275,0.9362,0.0086,0.9489,0.0214,0.9306,0.0031,0.9621,0.0346,0.9385,0.0109,0.9852,0.0576,0.942,0.0145,0.9297,0.0022
Achievements/make_wood_sword,0.9203,0.9084,-0.0119,0.8769,-0.0434,0.0,-0.9203,0.9062,-0.014,0.8992,-0.0211,0.8182,-0.1021,0.9058,-0.0145,0.0,-0.9203,0.0,-0.9203,0.8806,-0.0397,0.0,-0.9203,0.8702,-0.0501,0.0,-0.9203,0.0,-0.9203,0.0,-0.9203,0.888,-0.0323,0.0,-0.9203,0.7872,-0.1331,0.9124,-0.0079,0.7457,-0.1746,0.8561,-0.0642,0.8462,-0.0741,0.8889,-0.0314,0.7681,-0.1522,0.8281,-0.0922
Achievements/place_furnace,0.8116,0.8702,0.0586,0.8692,0.0576,0.0,-0.8116,0.9062,0.0947,0.8837,0.0721,0.8485,0.0369,0.8406,0.029,0.0,-0.8116,0.0,-0.8116,0.8209,0.0093,0.0,-0.8116,0.8855,0.0739,0.0,-0.8116,0.0,-0.8116,0.0,-0.8116,0.848,0.0364,0.0,-0.8116,0.7234,-0.0882,0.8905,0.0789,0.7341,-0.0775,0.8258,0.0142,0.8462,0.0346,0.8889,0.0773,0.7971,-0.0145,0.8516,0.04
Achievements/place_plant,0.529,0.6183,0.0893,0.7231,0.1941,0.0,-0.529,0.6094,0.0804,0.6822,0.1532,0.6591,0.1301,0.7246,0.1957,0.0,-0.529,0.0,-0.529,0.6493,0.1203,0.0,-0.529,0.6641,0.1351,0.0,-0.529,0.0,-0.529,0.0,-0.529,0.648,0.119,0.0,-0.529,0.383,-0.146,0.7518,0.2228,0.5896,0.0606,0.6515,0.1225,0.6846,0.1556,0.6148,0.0858,0.4638,-0.0652,0.6641,0.1351
Achievements/place_stone,0.6449,0.7328,0.0879,0.7154,0.0705,0.0,-0.6449,0.7812,0.1363,0.6667,0.0217,0.7803,0.1354,0.7029,0.058,0.0,-0.6449,0.0,-0.6449,0.6642,0.0193,0.0,-0.6449,0.7786,0.1337,0.0,-0.6449,0.0,-0.6449,0.0,-0.6449,0.72,0.0751,0.0,-0.6449,0.5957,-0.0492,0.7591,0.1142,0.6185,-0.0264,0.6894,0.0445,0.6615,0.0166,0.6963,0.0514,0.6812,0.0362,0.7344,0.0894
Achievements/place_table,0.971,0.9847,0.0137,0.9846,0.0136,0.0,-0.971,0.9922,0.0212,1.0,0.029,0.9394,-0.0316,0.971,0.0,0.0,-0.971,0.0,-0.971,0.9776,0.0066,0.0,-0.971,0.9847,0.0137,0.0,-0.971,0.0,-0.971,0.0,-0.971,0.984,0.013,0.0,-0.971,0.9716,0.0006,0.9781,0.0071,0.9595,-0.0115,0.9848,0.0138,0.9538,-0.0172,0.9926,0.0216,0.9783,0.0072,0.9687,-0.0023
Achievements/wake_up,0.2029,0.229,0.0261,0.1769,-0.026,0.9947,0.7918,0.125,-0.0779,0.1473,-0.0556,0.1818,-0.0211,0.1667,-0.0362,0.0,-0.2029,0.9947,0.7918,0.1791,-0.0238,0.9947,0.7918,0.229,0.0261,0.0,-0.2029,0.0,-0.2029,0.0,-0.2029,0.2,-0.0029,0.0,-0.2029,0.0993,-0.1036,0.0949,-0.108,0.8208,0.6179,0.1591,-0.0438,0.1846,-0.0183,0.2815,0.0786,0.0725,-0.1304,0.1562,-0.0466
