Method,Achievements/collect_coal,Achievements/collect_diamond,Achievements/collect_drink,Achievements/collect_iron,Achievements/collect_sapling,Achievements/collect_stone,Achievements/collect_wood,Achievements/defeat_skeleton,Achievements/defeat_zombie,Achievements/eat_cow,Achievements/eat_plant,Achievements/make_iron_pickaxe,Achievements/make_iron_sword,Achievements/make_stone_pickaxe,Achievements/make_stone_sword,Achievements/make_wood_pickaxe,Achievements/make_wood_sword,Achievements/place_furnace,Achievements/place_plant,Achievements/place_stone,Achievements/place_table,Achievements/wake_up
pretrained,0.44,0.0,0.2717,0.2497,0.9131,0.8537,0.9934,0.1727,0.6711,0.3894,0.0,0.0044,0.0638,0.6205,0.6821,0.9021,0.6678,0.7646,0.6557,0.6513,0.9593,0.0011
action_diversity,0.5116,0.0,0.3112,0.3145,0.9125,0.9014,0.9922,0.2004,0.6777,0.4053,0.0,0.0111,0.1163,0.7065,0.7619,0.9369,0.5958,0.8317,0.6346,0.7386,0.969,0.0011
advantage_clip,0.4844,0.0,0.3056,0.2933,0.9256,0.8689,0.9967,0.19,0.6644,0.3622,0.0,0.0122,0.0989,0.6778,0.7244,0.92,0.5789,0.7689,0.6456,0.6789,0.9656,0.0
attention_only,0.0,0.0,0.1719,0.0,0.0905,0.0,0.7222,0.0,0.0136,0.01,0.0,0.0,0.0,0.0,0.0,0.0018,0.0018,0.0,0.0,0.0,0.0018,0.0
baseline_rl,0.4674,0.0,0.2888,0.3236,0.9258,0.8787,0.9978,0.2112,0.6933,0.3674,0.0,0.0124,0.0978,0.6888,0.7438,0.9124,0.6034,0.8169,0.636,0.7079,0.9753,0.0011
bc_wins,0.4578,0.0,0.2716,0.2835,0.9177,0.8647,0.9946,0.1807,0.6591,0.3636,0.0,0.013,0.0703,0.6342,0.7219,0.9069,0.5963,0.776,0.6374,0.6742,0.9665,0.0011
entropy_bonus,0.4698,0.0,0.2997,0.2788,0.9407,0.8825,0.9967,0.1844,0.6597,0.36,0.0,0.011,0.101,0.6619,0.7278,0.9177,0.6125,0.798,0.6553,0.6915,0.966,0.0011
ewc,0.4894,0.0,0.3066,0.2988,0.9208,0.8718,0.9922,0.2207,0.6577,0.3902,0.0,0.0145,0.1026,0.6611,0.7391,0.9231,0.6143,0.7815,0.641,0.709,0.9654,0.0011
ffn_only,0.0,0.0,0.0056,0.0,0.0177,0.0009,0.155,0.0,0.0075,0.0,0.0,0.0,0.0,0.0,0.0,0.0037,0.0019,0.0009,0.0075,0.0,0.0037,0.0103
frozen_backbone,0.0,0.0,0.0,0.0,0.0057,0.0,0.1171,0.0,0.0,0.0,0.0,0.0,0.0,0.0,0.0,0.0,0.0,0.0,0.0057,0.0,0.0,0.0
gradient_surgery,0.4812,0.0,0.3025,0.2777,0.9117,0.8665,0.9957,0.2013,0.6329,0.3703,0.0,0.0194,0.1023,0.662,0.7255,0.9117,0.5996,0.7869,0.6609,0.6932,0.9688,0.0
head_only,0.0,0.0,0.0,0.0,0.0045,0.0,0.0964,0.0,0.0,0.0,0.0,0.0,0.0,0.0,0.0,0.0,0.0,0.0,0.0018,0.0,0.0,0.0
kl_penalty,0.4666,0.0011,0.2859,0.2508,0.92,0.8708,0.9978,0.2092,0.6616,0.3965,0.0,0.0055,0.0756,0.6517,0.7284,0.9091,0.5969,0.7864,0.6528,0.7032,0.9715,0.0
layer_ablation_top1,0.0208,0.0,0.2638,0.001,0.8824,0.0603,0.8972,0.0198,0.3291,0.1433,0.0,0.0,0.0,0.002,0.002,0.0929,0.1907,0.0247,0.7016,0.0366,0.2698,0.0
layer_ablation_top2,0.0,0.0,0.0105,0.0,0.146,0.0,0.0738,0.0,0.0105,0.0097,0.0,0.0,0.0,0.0,0.0,0.0,0.0,0.0,0.0,0.0,0.0,0.9951
layer_ablation_top3,0.0,0.0,0.0115,0.0,0.0256,0.0,0.0734,0.0,0.0,0.0,0.0,0.0,0.0,0.0,0.0,0.0,0.0,0.0,0.0,0.0,0.0,0.9984
llrd,0.4688,0.0,0.2962,0.3307,0.9254,0.8831,0.9967,0.2194,0.6915,0.3864,0.0,0.0122,0.1203,0.6648,0.7116,0.9198,0.6069,0.804,0.6704,0.716,0.9699,0.0
lora,0.0,0.0,0.0,0.0,0.0,0.0,0.0,0.0,0.0,0.0,0.0,0.0,0.0,0.0,0.0,0.0,0.0,0.0,0.0,0.0,0.0,0.0
low_t,0.4409,0.0,0.2829,0.2718,0.9171,0.8552,0.9956,0.1867,0.6552,0.3547,0.0,0.0166,0.0961,0.6586,0.6895,0.9028,0.5481,0.7702,0.6475,0.6586,0.9547,0.0011
mixed_replay,0.4514,0.0011,0.2828,0.2519,0.9285,0.8623,0.9925,0.1857,0.6521,0.3789,0.0,0.016,0.0822,0.6403,0.6969,0.9039,0.5966,0.7695,0.6905,0.6905,0.9616,0.0011
normalized_adv,0.0018,0.0,0.0585,0.0,0.3016,0.0347,0.5887,0.0,0.0229,0.0119,0.0,0.0,0.0,0.0,0.0018,0.0951,0.053,0.0119,0.1965,0.0238,0.1271,0.0
reward_filtering,0.4818,0.0,0.2972,0.2928,0.9238,0.8785,0.9978,0.2133,0.7006,0.4044,0.0,0.0243,0.1094,0.6641,0.7293,0.9127,0.5945,0.7989,0.6475,0.7215,0.9691,0.0011
reward_model,0.4694,0.0,0.2948,0.3024,0.9312,0.8646,0.9956,0.202,0.6594,0.3876,0.0,0.0175,0.1015,0.6496,0.7216,0.9083,0.6135,0.7707,0.6725,0.6659,0.9683,0.0
running_stats,0.4855,0.0,0.3119,0.3098,0.9164,0.8939,0.9936,0.1951,0.6635,0.3901,0.0,0.0118,0.1008,0.6742,0.7428,0.9325,0.6206,0.8049,0.6667,0.7074,0.9657,0.0
t_curriculum,0.5109,0.0,0.2913,0.3098,0.8978,0.9011,0.9967,0.1967,0.6228,0.3761,0.0,0.012,0.1076,0.7043,0.7739,0.9304,0.5815,0.825,0.5804,0.7076,0.9685,0.0011
trust_region_kl,0.4515,0.0,0.2787,0.291,0.9465,0.8551,0.9978,0.1839,0.6845,0.3813,0.0,0.0089,0.0792,0.6399,0.7012,0.903,0.6187,0.7726,0.6845,0.699,0.9621,0.0
